Lemma,Language Code,Lexical Category,Definition
အသ္ကဵုမံက်လိုက်တိုန်ပ္ဍဲကဵုကသပ်ဂၞ်,mnw,adjective,(adj) suggestive.
အ,mnw,,1 the first of twelve vowels the Mon language.
အ,mnw,,2 the thirty-fourth consonant of the Mon alphabet.
အ,mnw,noun,"3 (adj.) Unable to speak, mute, dumb, dud.   မၞိဟ်အအ (n) a dumb person.   ကံအအ (n) a dud cartridge or shell."
အ,mnw,noun,"4 private affix.   အထိုၚ်အသး (n) praise.  {derive from} ထိုၚ်သး (v) praise.   [P.] အနိစ္စ (n) impermanence, substantive prefix."
အ,mnw,noun,"5 (v) be dumb, be a dud, be a simpleton, be inert, no thrive, disproportionate, lack potency.   ကောန်ၚ္ၚာ်ဏံဓီုအမံၚ် (v) this boy is dull and lacks potency.   ဍေံဂှ်ယျဵုအ ပ္ဍဲစိုတ်စရိုတ် (v) he is a simpleton person.   ဍေံသ္ဇိုၚ်သ္ဇုဲ ပ္ဍဲကမၠောန်အပ္ဍဲ (v) he is an inert person in business.   ရမျှာၚ်သြန်တၚ်္ကာဏံအ မံၚ် (v) this silver coin be a dud."
အကၚ်,mnw,noun,"(n) rash, skin eruption, fume."
အကၚ်ဂျိ,mnw,noun,"(n) poisonous vapour, gas or fume, eruption caused by poison."
အကၚ်ဂျိဇြုံဇာတ်,mnw,noun,"(n) eruption from cobra bite, the poison of a cobra, poison of cobra."
အကၚ်တူပၟတ်,mnw,noun,(n) blister.
အကၚ်မြန်,mnw,noun,(n) smallpox eruption.
အကတညုတ,mnw,adjective,"(adj.) [P.] ungrateful, not showing gratitude, not pleasing or agreeable."
အကနိတ္ထ,mnw,noun,(n) [P.] the highest Rupabrahmaloka [id.] ဘုံဗြီုအကနိတ္ထ။
အကဝ်,mnw,noun,"(n) a person who has broken leg or hand, lame person."
အကာတ်,mnw,noun,"(n) quick tempered man, rough man, harsh tempered man, intense man, strong-hearted man."
အကာပ်,mnw,noun,"(n) roller, blue or green jay, jay. [id.] ဟကာပ်။"
အကာရ,mnw,noun,"(n) [P.] manner, way in which a thing is done or happen, person’s way of behaving towards others, [Pl] habits and customs, social behaviour."
အကာလ,mnw,noun,"(n) untimely hour, unearthly hour, night time, time of darkness."
အကာဲ,mnw,noun,"(n) build, bodily habit, character, appearance, situation, condition, state, status, meddle, interfere, busy body."
အကာဲ,mnw,noun,"ခါတ်ရံၚ်အကာဲ (n) to size up, form a judgment on."
အကာဲတဲ,mnw,noun,"(n) handiwork, workmanship."
အကာဲတဲတုပ်,mnw,noun,"(n) the same handiwork, the same league."
အကာဲအရာ,mnw,noun,"(n) situation, condition, state, status, boredom."
အကာဲအရာ,mnw,noun,"အကာဲအရာမနွံကဵုကဆံၚ်လ္ၚုလ္ၚန်စိုတ်မလၞုဟ်ဒကုဲခိုဟ် (n) tedium, tediousness, boredom. [id.] ဒဒှ်မလ္ၚုလ္ၚန်လၞုဟ်ဒကုဲခိုဟ်။"
အကာဲအရာဍာ်ဒဳချိုတ်အိုတ်ဍာ်ချိုတ်,mnw,noun,"(n) neap-tide, still water."
အကာဲအရာဍာ်ဒဳချိုအိုတ်,mnw,noun,"(n) neap, neap-tide when there is least difference between high and low water."
အကာဲအရာမက္တဵုဒှ်ကၠုၚ်မာန်,mnw,noun,(n) possibility. [id.] ဒဒှ်မဒှ်ကၠုၚ်မာန်၊ အယောၚ်အလာ။
အကာဲအရာမဂမ္တဴဂီု,mnw,noun,"(n) warmth, warmness, state of being warm. [id.] ပြဝစိုတ်မချဳဒရာၚ်၊ ပြဝမနွံကဵုသီုစိုတ်သီုကဵုမာန်။"
အကာဲအရာမထုဲထံၚ်,mnw,noun,"(n) complexity; state of being complex, complex thing. [id.] အထုဲအထံၚ်။"
အကာဲအရာမနွံပၟိက်,mnw,noun,"(n) requisition, {on somebody, for something} official, usually written or demand. [id.] အရာနွံပၟိက်၊ တၚ်မနွံပၟိက်။"
အကာဲအရာမဟၟဲ,mnw,noun,(n) unsituation.
အကာဲအရာမဟၟဲကဵုသၟိၚ်တၠ,mnw,noun,"(n) anarchy, absence of government or control in society, lawlessness."
အကာဲအရာမာန်,mnw,noun,(n) chance to win.
အကာဲအရာမုက်မတ်,mnw,noun,"(n) façade, superficial or outward appearance, facial expression."
အကာဲအရာမၚေတ်ပေတ်စာ်မှာ်,mnw,noun,"(n) squalor, squalid state."
အကာဲအရာသ္ဂောံဒုၚ်စသိုၚ်သိုက်သၠိၚ်ဟွံခိုဟ်,mnw,noun,(n) an awkward position.
အကာဲအရာအကံက်ယာန်,mnw,noun,(n) condition of vehicle tax.
အကိုၚ်,mnw,noun,(n) the man who has curved hip.
အကိုဟ်,mnw,noun,(n) white skinned person.
အကုက်,mnw,noun,"(n) a simple fellow or man, naive."
အကုန်,mnw,noun,"(n)  a back-bone curved man, a man with curved back bone."
အကုသလ,mnw,noun,"(n) [P.] evil, misdeed, demerit. [id.] အကုသိုလ်။"
အကေက်,mnw,noun,"(n) a brighter, sharp, keen, fellow or man."
အကေၚ်,mnw,noun,"(n) habit, trait, practice, custom, way, training."
အကေၚ်,mnw,adverb,အကေၚ်အကေၚ် (adv) according to custom.
အကေၚ်အကေၚ်,mnw,adverb,(adv) according to custom.
အကောပ်,mnw,noun,"(n) reinforcing binding, hoop of barrel, hem, edging {as in basket}, cap, boss {as in staff}, rib {of a boat}, wooden rim of a cart wheel on which an iron tyre is fixed, {arch}  supervisor, petty official (ဗၠာဲသၟိၚ်)."
အကောပ်,mnw,noun,"အကောပ်အဝဲ (n) condemnation {ဒဒှ်မဟီုဖျေံကဝု (n) speak ill of other}, judgement, command and control {as in army}."
အကောပ်,mnw,noun,အကောပ်ထံၚ် (n) warder of jail.
အကောပ်ထံၚ်,mnw,noun,(n) warder of jail.
အကံက်,mnw,noun,"(n) ring, bracelet.   အကံက်ဇိုၚ် (n) anklet.   အကံက်တဲ (n) bangles for arm, bracelet."
အကံက်,mnw,noun,"2 (n) customs, tax, toll, duty, contract, excise duty.   ဗ္ဒိုပ်အကံက်၊ သၞေဟ်အကံက် (n) customs gate, tollhouse.   လပှ်အကံက် (n) to collect the tax.   လပှ်အကံက်နူကဳုဝိုၚ်ေဝၚ် (n) to collect the toll from a gaming table.   အကံက်ယာန် (n) vehicle tax."
အကံက်,mnw,noun,3 (n) interpretation.   အကံက်ယမိက် (n) interpretation of the sixth book of the Abhidhamma  {Yamaka}.
အကံၚ်,mnw,noun,"(n) skinny fellow or man, scraggy fellow or man, thin and uniform fellow or man, bony fellow {be all skin and bone}."
အကး,mnw,noun,(n) sky. [id.] အာကာသ။
အက္ခဝ်,mnw,noun,"(n) character, letter of an alphabet, alphabet. [id] အခဝ်။"
အက္ခဝ်ရောံ,mnw,noun,(n) Roman letters.
အက္ခဝ်သိလိလ,mnw,noun,"(n) unaspirated consonants, such as က၊ ဂ၊ စ၊ ဇ။ (etc.)"
အကျ,mnw,noun,"(n) a person who gives up, surrender, a person who concede, give in, yield or who defeated, flees, runsaway."
အကျဝ်,mnw,noun,(n) handicap or advantage (in a race or competition)
အကြ,mnw,noun,(n) large storage jar.
အကြ,mnw,noun,ဇရဳအကြ (n) particularly large type of jar in which water is stored of domestic use.
အကြၚ်,mnw,noun,"(n) a person who is going for place to place, circles, travels around, roams, wander, a person who goes around here and there."
အကြာ,mnw,,"(prep.) between, among, amongst, amidst."
အကြာ,mnw,,ကောန်စာၚ်ဂမၠိုၚ် အောပ်ထောံအကြာသၠဆုအိုတ်ရ။ (prep.) the chicks all hid in among the leaves.
အကြာ,mnw,,လ္ပလုပ်ပထုဲအကြမၞိဟ်ဂလှ် (prep.) do not associate with foolish people.
အကြာန်,mnw,noun,"(n) a blindly foolish person, a person who does the work without thinking any things, a rash person, an impetuous man, dare-devil."
အကြာပိုန်,mnw,,(prep.) between meals. [id.] အန္တရဘတ်။
အကြာပ်,mnw,noun,"(n) supervisor, corporal, subordinate military officer {like a sergeant or corporal}, a guard."
အကြာပ်ထံၚ်,mnw,noun,"(n) warder, jailer, person who works as a guard in a prison."
အကြာပ်ပေဲါ,mnw,noun,(n) a person in charge of maintaining discipline in a public show or fair.
အကြာဗၠာဲသၟိၚ်,mnw,noun,(n) police sergeant.
အကြာမၞိဟ်,mnw,,"(prep.) among the crowd, society, public."
အကြာမၞိဟ်ဂမၠိုၚ်,mnw,,"(prep.) amidst the crowd, among the people."
အကြာမၞိဟ်သၠိုက်,mnw,,(prep.) between the audience.
အကြာဟၟဲကဵုနွံ,mnw,noun,(n) state of being fairly well off.
အကြိုက်,mnw,adverb,"(adv) exactly as, the same as, just as."
အကြိုက်,mnw,adverb,အကြိုက်ညံၚ်ရဴၝဲဍေံဂေါဝ်ဆာဲ (adv) just as beautiful as her sister.
အကြိုက်,mnw,adverb,အကြိုက်ညံၚ်ညးမမၠာ်မတ် (adv) just as he opened his eyes.
အကြိုက်,mnw,adverb,ဍေံမဒှ်ညံၚ်ရဴကသပ်အဲ (adv) it is just as I thought {the same as}.
အကြိုန်,mnw,noun,"(n) a recalcitrant person, dare-may-care person."
အကြီု,mnw,noun,"(n) boasting, boast, swagger, acclamation, praise, prominence, {arch} historical account of a royal campaign."
အကြီုနိဒါန်,mnw,noun,"(n) story, preface, the particulars of a matter, the introduction, foreword."
အကြီုရာဇာဓိရာဇ်,mnw,noun,"(n) historical account of a royal campaign of king Raerjaerdhirard, social or political uprising revolution."
အကြုံ,mnw,noun,"အကြုဟ် (n) [colloq] man, fellow, male person. (အတြုံ / ဣဗြဴ)"
အကြောံ,mnw,noun,"(n) fat and rotund man, corpulent person, fat and heavy person, obese person, very fat person, fatty. [id.] အကြောအ်။"
အကြဳ,mnw,noun,"(n) clever person, sharp, learned person, a person who can make a shrewd guess {ie. One that is likely to be right}."
အကြဴ,mnw,noun,"(n) a foolish boastful person, blood-thirsty person, dare-devil."
အကြံ,mnw,noun,"အကြမ် (n) delinquent, doing wrong {person}, a bad person, an unruly person."
အကြံ,mnw,noun,"အကြအ် (n) foolish and stupid person, fool, nitwit, person with very little intelligence, crazy, daft person, silly fellow, lunatic, madman, insane person."
အကွ,mnw,noun,"(n) squat person, bandy-legged person, dwarf, short person, short and stubby person, short and thick person."
အကွက်,mnw,noun,"(n) {matter of} account, sake, behalf, for the sake of, on behalf of, for the duration of, in order to, in order to, in order that, so as to, because of. [id.] သွက်၊ ဘိုအ်။"
အကွက်,mnw,noun,အဲသွက်ဂွံသ္ဒးကဵုဍေံ နွံမံၚ်စှ်ဒ္ကေဝ်ဏီ။ (n) I owe him ten rupees.
အကွက်,mnw,noun,သွက်အဲလ္ပဝိုတ်ညိ (n) do not forget for me.
အကွပ်,mnw,noun,"(n) line made {on cloth, paper, ect.}, crease, hem, edging {as in basket}, cap, boss {as in staff}."
အကၟော်,mnw,noun,(n) a person who refuses to do things or work.
အကၠက်,mnw,noun,(n) blind person.[Der.] ကၠက် (v) to be blind.
အကၠဟ်,mnw,noun,(n) {bird} cormorant.
အကၠာ,mnw,noun,(n) before.
အကၠာ,mnw,noun,အကၠာမၞးဟွံရာန်သ္ဒးသ္ဂုတ်ၚ္ၚုဟ်ေထက် (n) you should beat down the price before you buy.[Der.] ကၠာ (n) time before.
အခက်အခုဲ,mnw,noun,(n) difficulty.
အခၚ်,mnw,noun,"1 (n) fact that, fact of being.   အခၚ်စိုပ်ဣတေံဟွံတီ (n) this fellow did not know that he had arrived.   အခၚ်ညးကၠုၚ်အဲဟွံတီ (n) I don’t know that he will com."
အခၚ်,mnw,noun,"2 အခၚ်တောဝ် (n) skein {of yam} woollen thread, thread prepared for knitting, weaving, etc., length of silk or wool yam or thread coiled loosely into bundle."
အခန်,mnw,noun,"(n) chapter {of book}, division of a writing or discourse, section, role, segment of a monk’s rove which is patched together from several pieces as prescribed. [id.] လ္ပာ်၊ အခန်ဇၞော်၊ အခန်ဍောတ်။"
အခဝ်,mnw,noun,"(n) [P. akahara] letter of alphabet, letter of an alphabet, character. [id.] အက္ခဝ်၊ အက္ခရ်။"
အခဝ်,mnw,noun,အရေဝ်အၚ်္ဂလိက်ဂှ် ချုကဵုအက္ခဝ်မန်ဟာ (n) is it possible to write English in Mon characters?
အခဝ်,mnw,noun,စက်မအက္ခဝ် (n) typewriter. [Syn.] မလိက်။
အခါ,mnw,noun,"(n) time, season, continuing time, time when, year, duration, period, moment, frequency."
အခါ,mnw,noun,အခါသၠုဲသၠာ်ဝါတ် သ္ဒးရပ်သၠုဲသၠာ်ကဳုဒ္ဂေတ်မံၚ် (n) when the money is short one must spend it accordingly.
အခါ,mnw,noun,မၞိဟ်ဂကူလၞုဟ်လဳ အခါလဵုခိုဟ်စဟွံမာန် (n) an idle man will never get rich.
အခါ,mnw,noun,မွဲအခါ (n) one year.
အခါကာလ,mnw,noun,"(n) time, period."
အခါန်,mnw,noun,"(n) [Bur] compartment, chamber, room, apartment."
အခါန်,mnw,noun,သ္ၚိနာဲညှာမဵစိအခါန်ရော (n) how many rooms has Nai Hnyar in his house? [Cf.] အဖိုၚ်၊ ခဒမ်။
အခိၚ်,mnw,noun,"(n) time, time of day, precise time, {infrequent} occasion, movement."
အခိၚ်,mnw,noun,အ္စာဘာအခိၚ်လဵုစိုပ်ဘာရော (n) what time does the teacher get to school?
အခိၚ်,mnw,verb,"ဖအိုတ်အခိၚ် (v) to waste-off time, waste one’s time."
အခိၚ်,mnw,noun,မွဲတ္ၚဲပိအခိၚ်သုၚ်ညိ (n) take a dose three times a day. [id.] အခါ၊ ကာလ၊ ပယျာံ။
အခိၚ်ကာလရဲကောန်ဍုၚ်ဖာပလိုတ်တံမအုပ်ဓုပ်,mnw,noun,(n) regent of the west.
အခိၚ်ကောန်ၚ္ၚာ်လုပ်ဒၟံၚ်သ္တိက်,mnw,noun,(n) bed time for children {sued as folk reference for any time around eight pm}.
အခိၚ်စာၚ်ဂြဴ,mnw,noun,"(n) cock-crow, dawn."
အခိၚ်ဆမဂွံသ္တိဆမသမ္တီဒး,mnw,noun,"(n) recollection, ability to recollect, action of recollecting. [id.] အရာမဂွံသတိ၊ အရာသမ္တီဒး။"
အခိၚ်ဍေန်ပၟတ်,mnw,noun,"(n) lighting up time, dusk, time after twilight and before night."
အခိၚ်တိုၚ်,mnw,noun,(n) standard time.
အခိၚ်တိုၚ်ဂြိန်ဝေတ်,mnw,noun,(n) [Eng.] Greenwich Mean Time (abbr GMT).
အခိၚ်တ္ၚဲ,mnw,noun,"(n) day time, midday."
အခိၚ်တ္ၚဲသဝ်,mnw,noun,"(n) sundown, sunset time. [id.] အခိၚ်တ္ၚဲလုပ်ဒဵု။"
အခိၚ်ပေၚ်ပေၚ်,mnw,noun,(n) full time.
အခိၚ်ဗ္တံ,mnw,noun,"(n) night, night time."
အခိၚ်မွဲဒကုတ်မွဲဒကဴ,mnw,noun,(n) part time.
အခိၚ်လဵုအခါလဵုဒှ်ဒှ်,mnw,noun,"(n) whenever, at any time, regardless of time, every time that, as often as. [id.] ဇဖန်။"
အခိၚ်အခါ,mnw,,"[id] odds, probability or chance {that a certain thing will or will not happen}."
အခိၚ်အခါဟွံလံ,mnw,adverb,(adv) presently.
အခိၚ်အိုတ်,mnw,verb,"(v) be a waste of time, waste time."
အခိၚ်ဥတုရာသဳက္ညၚ်,mnw,noun,(n) springtime.
အခိၚ်ၝောံမၞိဟ်တိက်,mnw,noun,(n) time when old people go to bed {ie. about ten pm}.
အခိပ်,mnw,noun,(n) a person who has a broken tooth.
အခိုက်,mnw,noun,"(n) habit, individual custom; way, manner, usage, precedent, trait, practice."
အခိုက်,mnw,noun,အဲဒက်လဝ်အခိုက်ဂၠဴဏောၚ် (n) I will tether it the same way as the bullocks.
အခိုက်,mnw,noun,အဲဒှ်ဒၟံၚ်အခိုက်ေဂတ်ကွာန်ရိုဟ်သဝ်တ္ၚဲ (n) I am in the habit of taking a stroll round the village every evening.
အခိုက်,mnw,noun,သ္ဂးအခိုက်ဂှ်တုဲ (n) so saying.
အခိုက်,mnw,noun,သုၚ်အရက်အခိုက်ပိုဲဟွံသေၚ် (n) it is not our custom to drink spirits.
အခိုက်ကၞာ,mnw,noun,"(n) habit, manner, way of doing things, tradition, precedent, hereditary rites, customs, clan traditionally worshipped."
အခိုက်ကၞာ,mnw,noun,"အခိုက်ကၞာမကေတ်ဗြဴဂၠိုၚ်နူကဵုမွဲ (n) poly-gamy, custom of having more than one wife at the same time."
အခိုက်ကၞာ,mnw,noun,"အခိုက်အကၞာမဒှ်ကၠုၚ်နူတမၠာတေံ (n) precedent, earlier decision, case, event etc. That is regarded as an example or rule for what comes later. [id.] အခိုက်ကၞာမသ္ဂုတ်သွာတ်ကၠုၚ်လဝ် နူတမၠာတေံ(အ်)၊ နဲ(ယ်)၊ ပုံသက်သဳ။"
အခိုက်အလိုက်,mnw,adverb,"(adv) in its proper place, exactly, perfectly. [id.] အကေၚ်၊ ဒ္ဂေတ်။"
အခိုၚ်,mnw,noun,"(n) firmness.(adv) firmly, in a firm way, securely, strongly."
အခိုၚ်အနိၚ်,mnw,adverb,"(adv) by force, forcibly, against one’s will, under duress. [Cf.] အခိုၚ်အနှိၚ်။"
အခိုအ်,mnw,noun,"(n) a person who always contradicts others, habitual objector."
အခုန်,mnw,noun,"(n) unsatisfied person, a man who being conciliated."
အခေၚ်,mnw,noun,"(num. aux) corps {of troop} {as in}  အခေၚ်ပၞာန် (n) combat arms, consisting of elephant corps, the cavalry, the chariots and the infantry during ancient times. [id.] အၚ်္ဂ။"
အခေါၚ်,mnw,noun,"(n) permission, pardon, privilege chance, opportunity."
အခေါၚ်,mnw,noun,အာတ်အခေါၚ် (n) to ask permission.အာတ်အခေါၚ်ပ္ဍဲအ္စာ (n) to ask the teacher’s permission.
အခေါၚ်,mnw,noun,"ကဵုအခေါၚ် (n) give permission, give pardon, give forgive.ဂွံခေါၚ် (v) get permission.သၠးခေါၚ် (n) to pardon. [Cf.] အမိၚ်၊ အသံ။"
အခေါၚ်ခိုဟ်,mnw,noun,(n) good opportunity.
အခေါၚ်ဂပ်ဝ်,mnw,noun,"(n) {of circumstance} permit, allow, favour, opportunity."
အခေါၚ်ဂွံဒုၚ်စဂုဏ်ဖဵု,mnw,noun,(n) benefit.
အခေါၚ်တၟေၚ်,mnw,noun,"(n) privilege, special right or advantage available only to a particular person, class or rank, or to holder of a certain position."
အခေါၚ်ဒးရး,mnw,noun,"(n) favour, opportunity."
အခေါၚ်ပိုၚ်ပြဳ,mnw,noun,"(n) right to own title, title {to a property}."
အခေါၚ်ဗလးခေါန်,mnw,noun,(n) exemption.
အခေါၚ်ဗၠးၜး,mnw,noun,"(n) freedom, permission of freedom, right to freedom, right of freedom. [id.] စမၠး၊ ပေရၚ်ဗၠးၜး၊ ပွမဗၠးၜး။"
အခေါၚ်ဗၠးၜးၜိုဟ်သြိုဟ်တိတ်နူဒဒိုက်,mnw,noun,"(n) amnesty, general pardon, [esp.] offences against the state."
အခေါၚ်မစ္ၜုဲစ္ၜော်ပေရၚ်ဍုၚ်ကွာန်,mnw,noun,(n) political asylum.
အခေါၚ်ဟွံရန်တၟံ,mnw,noun,(n) casual leave.
အခေါၚ်အခါ,mnw,noun,"(n) favourable time, opportune moment."
အခေါၚ်အယုက်ကမၠောန်,mnw,noun,"(n) leave calculated on length of service, vocation."
အခေါၚ်အဝဵု,mnw,noun,"(n) right, chance, opportunity, influence, authority, power."
အခေါၚ်အဝဵု,mnw,noun,"အခေါၚ်အဝဵုမသ္ဂုတ်သွာတ်မာန်နအလိုက်ဇကုကဵုဇကု (n) self-determination, right of a nation, people, etc. to decide what form of government it will have or whether it will be independent of another country or not. [id.] အခေါၚ်အဝဵုမစၟိန်ပြမာန်နအလိုက်ဇကုကဵုဇကု။"
အခေါၚ်အဝဵုကၠောန်မာန်,mnw,noun,(n) authority to act.
အခေါၚ်အဝဵုမပိုၚ်ပြဳတံလိက်,mnw,noun,"(n) copyright, patent, owner of a copyright of patent. [id.] ဒဒှ်မနွံကဵုအခေါၚ်မပိုၚ်ပြဳတံလိက်၊ ပွမသ္ပတံလိက်သွက်ဂွံပိုၚ်ပြဳ။"
အခေါၚ်အဝဵုဟီုဂး,mnw,noun,(n) authority {on behalf of someone or somebody}.
အခေါၚ်ၜံၚ်ပၟတ်ပၞာၚ်,mnw,noun,(n) maternity leave.
အခေါန်,mnw,noun,"(n) tax, tax on paddy land, land revenue. [esp.] land tax, revenue, duty, toll."
အခေါန်ဍာ်,mnw,noun,(n) water rate or tax.
အခေါန်တိ,mnw,noun,(n) land tax.
အခေါန်ဖလှာ,mnw,noun,"(n) revenue, tribute."
အခေါန်မၞိဟ်,mnw,noun,"(n) capitation, poll tax."
အခေါန်ရုၚ်,mnw,noun,"(n) court fee, revenue, stamp fee. [id.] ခေါန်ဖလှာကံက်ကေတ်လ္တုမၞိဟ်။"
အခေါန်အဒါန်,mnw,noun,"(n) tax, tax payer."
အခေါဘနဳ,mnw,adjective,(adj.) immeasurable.
အခေဲါ,mnw,noun,(n) a person who has scars of burning on limb.
အချဴ,mnw,noun,(n) red ant. [Cf.] ခၟောတ်၊ ဂြုန်။
အခြၚ်,mnw,noun,"(n) conditions, circumstance, situation, state, status, sound."
အခြၚ်,mnw,noun,အခြၚ်ဒှ်ဨကရာဇ် မၚ်ဗၠာဲဂှ်ဟွံတီ (n) the young man did not know that he was king.
အခြာ,mnw,noun,(n) demarcation by space or time.
အခြာ,mnw,noun,"အပိုၚ်အခြာ (n) distinction, differentiation."
အခြာ,mnw,noun,ဟီုအေရဝ်အခြာ (n) matters of negotiation.ဟီုအရေဝ်အခြာ (v) to talk business.
အခၟမန်,mnw,noun,(n) name of a famous Mon who was employed as a servant to the Burmese king in Mon history.
အခၠေဝ်,mnw,noun,"(n) rebuttal, rejoinder."
အဂတိ,mnw,noun,"(n) partiality {particularly in the dispensation of justice}, wrong course, evil course or state."
အဂတိ,mnw,verb,ဗက်စအဂတိ (v) show partiality in the dispensation of justice.
အဂတိပန်,mnw,noun,"(n) the four wrong ways, [ie.] lust, hatred, ignorance and fear."
အဂီု,mnw,noun,"(n) [P. agomo] fable, short tale, sacred book, scriptures, doctrine, old wives tale."
အဂီုဝၚ်,mnw,noun,(n) historical tale.
အဂ္ဂ,mnw,adjective,(adj.) [P.] great.
အဂ္ဂ,mnw,noun,"အဂ္ဂမဟေသဳ (n) [P.] king’s wife, chief queen."
အဂ္ဂမဟာပဏ္ဍိတ,mnw,noun,"(n) [P.] the Agga Maha Pandita title presented by the government to a monk or person for his impeccable morals, through knowledge of the Tipitakas and authoriship of Buddhist religious tracks."
အဂ္ဂမဟေသဳ,mnw,noun,(n) king’s wife. [id] ဂၞကျာ်ဨကရာဇ်။
အဂ္ဂိ,mnw,noun,(n) [P.] fire.
အဂ္ဂိယျ,mnw,noun,(n) [LF] alchemy.
အဂ္ဂိယျ,mnw,noun,ထ္ပက်အဂ္ဂိယျ (n) to practice alchemy.
အဂ္ဂိရာတ်,mnw,noun,(n) alchemy. [id] ဓၟုၚ်။
အဂြၚ်,mnw,noun,(n) locust.
အဂြံ,mnw,noun,အဂြအ် (n) green bee-eater. [id.] ဂစေံအဂြအ်။ [colloq] ဟဂြအ်။
အဂွာန်,mnw,noun,(n) king crab.
အဂှ်,mnw,noun,(pron. adj.) that.
အဂှ်,mnw,noun,နွံအဂှ်ဟာ (pron. adj.) is that here?
အဂၞု,mnw,noun,"(n) hardwood every green tree, bearing sweet scented white blossoms with yellow stamens {the stamen of the flowers are used in medicine}. Mesua feerea."
အဂၞု,mnw,noun,ကြေၚ်အဂၞု (n) Eugenia operculata tree.  တၞံအဂၞု (n) Mesua ferrea. [Syn.] အနှု။
အဂၞဲ,mnw,noun,(n) [Skt. agneya] southeast. [id.] ဒိုဟ်ဂၞဲ။ [Syn.] အနဲ
အဂၠဴ,mnw,noun,"(n) aloeswood tree, eaglewood tree, algallochum, Aquilaria agallocha Roxburgh. {Bru. Aguilaria agallocha}, ffragrant heartwood of the eaglewood."
အဃိုတ်,mnw,noun,"(n) blunt fellow or person, {bird} quail."
အဃော,mnw,noun,"(n) contemporaneous time, time, while, time of an event, continuing present time, duration."
အဃော,mnw,adverb,ဒးအဃော (adv) at the right time.
အဃော,mnw,noun,ဒှ်အဃောတိုန်ဇြပ် (n) at the appropriate time he went up to the wayside public rest house.
အဃော,mnw,noun,"ဗှ်ေအဃောဗ္တောန်ပညာဟာ (n) are you still studying?  (adv) while {during the time of}, during. [Cf.] အခါ၊ ဃော၊ လ၊ လံ။"
အဃောဂှ်,mnw,adverb,(adv) during that time.
အဃောဂှ်,mnw,noun,အဃောတေံဂှ် မာန်ဂၠိုၚ်ရ (n) at that time you used often to win.
အဃောသ,mnw,noun,"(n) [P.] {of speech sound} unvoiced, voiceless."
အၚ္ၚာံ,mnw,noun,"(conj.) because of, on account of.(prep.) for, for the sake of.(n) account, sake, behalf, share, portion. [id.] အ္ၚာံ။"
အၚ်,mnw,noun,"1 (n) a kind of tree, which belong to a species of Dipterocarpus, board-leaved tall tree yielding reddish, resinous wood. Dipterocarpus tuberculatus.   တၞံအၚ် (n) generic name for various species of Dipterocarpus.   အၚ်ဒိုၚ် (n) species of Dipterocarpus yielding oil.   အၚ်ရေၚ် (n) lard shorea, D. Griffithii Miqu. and shinneri King. tall, indigenous hardwood tree bearing sprays fragrant, red flowers in early summer, Pentacme suavis."
အၚ်,mnw,noun,"2 (n) pond, lake.   အၚ်လှာ (n) chain of small ponds. place-name,   အၚ်စိၚ် (n) Eang coing. [Bur. Insein]. [Cf.] ကၟာ၊ လှာ။"
အၚ်,mnw,noun,"3 (n) table, tabulation, [esp.] in almanacs.   အၚ်ယန် (n) magic square, used as protective charm.   ဖျေံအၚ်ယန် (v) to draw up a magic square. [Cf.] စရၚ် (n) [P. anka] sign, brand."
အၚ်,mnw,noun,4 (n) bowl.   အၚ်ထဝ်အၚ်သြန် (n) bowls of gold and silver.   အၚ်သြန် (n) silver ucp. [Cf.] ဂရ၊ သၠိုၚ်။   [Der.] အၚ်ဒဲ (n) water vessel.
အၚ်,mnw,noun,"5 (n) အၚ်ဒကုတ် (n) monk’s bodice.   [Syn.] အၚ်သာ၊ အၚ်ဓုပ် (n) woman’s upper garment, {Hindi. Angi} woman’s under-jacket."
အၚ်,mnw,noun,6 (n) ယဲအၚ် (n) umbilical hernia. {umbilical. adj. မဆေၚ်စပ်ကဵုပေါၚ်လိုတ်}.
အၚ်ကုတ္တရနိကာဲ,mnw,noun,"(n) [P.] Anguttara nikayo, the name of the fourth division of suttapitaka."
အၚ်ကုတ္တဵု,mnw,noun,(n) the same as အၚ်ကုတ္တရနိကာဲ (n) the Anguttara Nikaya of Sutta Pitaka.
အၚ်စိၚ်,mnw,noun,(n) Eang coing. [Bur. Insein]. [Cf.] ကၟာ၊ လှာ။
အၚ်ထဝ်,mnw,noun,(n) gold cup. [id] သၠိုၚ်ထဝ်။
အၚ်ထဝ်အၚ်သြန်,mnw,noun,(n) bowls of gold and silver.
အၚ်ဒကုတ်,mnw,noun,(n) monk’s bodice.
အၚ်ဒိုၚ်,mnw,noun,(n) oil tree. [id] တၞံဂယာၚ်၊ တၞံဒယာၚ်။
အၚ်ဒဲ,mnw,noun,(n) water vessel.
အၚ်ရေၚ်,mnw,noun,(n) lard shorea tree.
အၚ်လှာ,mnw,noun,"(n) chain of small ponds. place-name,"
အၚ်သ,mnw,noun,"(n) bodice worn by monks, covering the chest, back and left shoulder. [Cf.] အၚ်ဒကုတ်၊ သကိုပ်၊ သပိုၚ်၊ သ္ၚာ။"
အၚ်သာ,mnw,noun,(n) [P. antha] [Skt. astro] degree.
အၚ်သြန်,mnw,noun,(n) silver ucp. [Cf.] ဂရ၊ သၠိုၚ်။
အၚ်အခိၚ်,mnw,noun,(n) time table.
အၚ်္ကရိယာစက်,mnw,noun,(n) machinery. [id] ကပေါတ်အၚ်္ဂစက်၊ ယာန်စက်အလဵုအသဳ။
အၚ်္ဂ,mnw,noun,"(n) [P.] member, limb, portion, division, part of body, anatomical part, twelve pages of plam leaf writing, corps {of troops}, division of an army, feature, characteristic, qualification."
အၚ်္ဂဇာတ်,mnw,noun,(n) organs of generation.
အၚ်္ဂဒဵု,mnw,noun,"(n) plaster, cement, mortar, coating of plaster over brick."
အၚ်္ဂဒဵု,mnw,noun,ကၞဳအၚ်္ဂဒဵု (n) cement floor.
အၚ်္ဂပၞာန်,mnw,noun,"(n) combat arms {consisting of the elephant corps, the cavalry, the chariots and the infantry, during ancient time}."
အၚ်္ဂမုက်ဍုၚ်မနွံဒၟံၚ်လ္ပာ်ဂၚ်,mnw,noun,(n) sea front.
အၚ်္ဂလိက်,mnw,noun,"(n) English, Europeon."
အၚ်္ဂလိက်,mnw,noun,ဗတ်အၚ်္ဂလိက် (n) in English.
အၚ်္ဂလိက်,mnw,noun,သၟိၚ်အၚ်္ဂလိက် (n) European official.
အၚ်္ဂလိက်,mnw,noun,ဟီုအရေဝ်အၚ်္ဂလိက် (n) to speak English.
အၚ်္ဂအာရီု,mnw,noun,(n) organ of the sense. [id] အိန္ဒြိ။
အၚ်္ဂၜောတ်,mnw,noun,(n) earthenware pot.
အစၚ်အခြၚ်,mnw,noun,"(n) thought, meditation, thinking, idea, cogitation."
အစၚ်အခြၚ်စိုတ်,mnw,noun,(n) imagination. [id.] ကသပ်စိုတ်။
အစပ်,mnw,noun,"(n) joining, place where two edges meet, union, being joined."
အစပ်သဟာဲ,mnw,noun,(n) close friend.
အစာတ်,mnw,noun,"(n) hot pickle prepared with chillies and vinegar, dish prepared by frying partially cooked meat with vegetables."
အစာံ,mnw,noun,"(n) standard, module, model, norm, record, sample."
အစာံသၟိၚ်,mnw,noun,(n) {of gold or silver etc.} standards of purity set by the king.
အစိတ်,mnw,noun,"(n) one quarter of viss or bushel, 25 ticals, division, part, portion, segment."
အစိန္တိယ,mnw,noun,"(adj.) [P] infinite, an attribute of Buddha, something beyond human comprehension. [id.] အစိန္တိယျ၊ အစိန္တိယေ။"
အစိုၚ်,mnw,noun,"(n) slow loris, Nyciticebus F. Cuvier, sloth. [Var.] ကစိုၚ်၊ ကစေၚ်။"
အစုတ်,mnw,noun,"(n) short time, short while, temporary, moment, percentage."
အစုတ်,mnw,noun,"လစုတ် (n). မွဲလစုတ် (n) one time, one percent. [Cf.] first sense. ခဏ၊ ချိုန်၊ ဏှေံ။"
အစေန်,mnw,adverb,"(adv) always, perpetually, eternally, ever lastingly."
အစေန်,mnw,noun,"အစေန်အဆက် (n) lineage, succession. [id.] အဆက်အစေန်။"
အစေန်အဆက်,mnw,noun,"(adv) successively, continually, traditionally.(n) unbroken line {of ancestry, tradition, practice, etc.}.(adv) continually, traditionally, successively. [id.] အဆက်အဆက်၊ ဗဗွဲလၟေၚ်၊ လၟေၚ်လၟေၚ်။"
အစောန်,mnw,noun,"(n) stain, blemish, mottled markings of birds or animals."
အစောန်စိုတ်,mnw,noun,"(n) envy, jealousy, feeling of ill will at another’s better fortune."
အစောန်အပြံက်,mnw,adjective,"(adj.)  spotted, marked of covered with spots, variegated, soiled, specked."
အစောန်အပြံက်တ္ၚဲ,mnw,adjective,(adj.) sunspot. [id.] အစောန်အပြံက်မညာတ်စှ်လှ်ေမွဲလှ်ေပ္ဍဲလ္တူဂၠးမုက်တ္ၚဲ။
အစောံ,mnw,noun,"(n) qualification, ability, competence, efficacy, power. [id.] သတ္တိ။"
အစောံ,mnw,noun,"ဇြဟတ်အစောံ (n) might, power of strength, power."
အစောံစရာဲကၠောန်ကမၠောန်,mnw,noun,"(n) competence calibre, efficiency, resourcefulness."
အစောံစရာဲတဲ,mnw,noun,(n) workmanship. [id.] ကဆံၚ်တဲ။
အစောံစရာဲတံၚ်ဓဇက်ပသဲ,mnw,noun,(n) magnetism. [id.] ကွတ်ပညာ ဓါတ်ပသဲဓဇက်ပသဲ။
အစောံစရာဲပ္တိတ်ကပေါတ်,mnw,noun,(n) productivity.
အစောံစရာဲဗွဲတၟေၚ်,mnw,noun,(n) speciality. [id.] အရာတၚ်မပြာကတ်ဗွဲတၟေၚ်။
အစောံဇြဟတ်,mnw,noun,"(n) power, power of strength, might."
အစောံဉာဏ်,mnw,noun,"(n) intellectual, ability."
အစောံတဲ,mnw,noun,"(n) martial prowess, dexterity, skill, prowess."
အစောံပညာ,mnw,noun,(n) qualifications for post or task.
အစောံပညာ,mnw,noun,အစောံပညာဗှ်ေသာ်လဵုရော (n) what are your qualifications?
အစောံသတ္တိ,mnw,noun,"(n) bravery, ability, power, daring, courage, prowess. [id.] ကြဳဇှ်သတ္တိ။"
အစောံသတ္တိသ္ကာတ်မြဟ်တဴဗွဲ,mnw,adverb,(adv) efficaciously. [id.] ကြဳဇှ်သတ္တိ။
အစဳအရေၚ်,mnw,noun,"(n) orders, arrangements, instructions, judgement, plan, preparation."
အစဳအေရၚ်ပေဲါအတး,mnw,noun,(n) arrangements for the New Year Festival.[Der.] ပြေၚ် (n) to arrange. [id.] စီရေၚ်။
အစဵုယျ,mnw,noun,"(n) [Bur] government, government authority. [Cf.] သၟိၚ်။"
အစံၚ်,mnw,noun,"(n) အစံၚ်အ္စာ (n) mentors, teachers."
အစံၚ်,mnw,noun,မၞးလ္ပစးဂလာန်မိမအ္စံၚ်အ္စာညိ (n) do not contradict your parents or teachers.
အစံၚ်အတူ,mnw,noun,"(n) distress of mind, perturbation {state of being perturbed}, anxiety. [Cf.] ဂဝိၚ်။[Der.] စံၚ်  (v) to burn.  တူ (v) to be burnt or burned."
အစး,mnw,noun,"(n) contrary fellow, obstinate or self-willed person."
အဆ,mnw,noun,"(n) multiple, fold, estimate, gauge, dexterity, touch."
အဆက်,mnw,noun,"(n) succession, lineage, descent, joint, the place where two things are joined. [id.] ဂကောံအရာမဆက်က္တဵုဒှ်ကၠုၚ်၊ ဒဒှ်မဆက်ကၠုၚ်။"
အဆက်ကောန်အဆက်စဴ,mnw,noun,"(n) posterity, following or future generations."
အဆက်က္ဍိုပ်,mnw,noun,(n) suture between parietal and occipital bones.
အဆက်ဇုတ်,mnw,noun,(n) joint {of bone}.
အဆက်နန်,mnw,noun,"(n) dynasty, series of rulers all belonging to the same family."
အဆက်မ,mnw,noun,"(n) line of descendants, generation."
အဆက်အစေန်,mnw,noun,"(n) succession, lineage. [Syn.] အစေန်အဆက်။ [id.] တၞောဝ်ဒ္တောဝ်။"
အဆက်အဆက်,mnw,adverb,(adv) successively.
အဆက်အဆက်,mnw,noun,(n) something which occurs consecutively or in succession.
အဆက်အဆေန်,mnw,noun,"(n) unbroken line {of ancestry, tradition, practice, etc}."
အဆက်အဆေန်,mnw,adverb,"(adv) continually, traditionally."
အဆက်အဆေန်မစှ်ေကၠုၚ်,mnw,noun,(n) hereditary succession. [id.] တၞောဝ်ဒ္တောဝ်အဆက်မေစှ်ကၠုၚ်။
အဆက်အဆောံ,mnw,noun,"(n) relationship, dealings, intercourse, the act of communicating, the sending or exchange of information, ideas."
အဆက်အဆောံဂၠံၚ်တရဴ,mnw,noun,(n) communication. [id.] အရာမပလံၚ်ကဵုပရိုၚ်၊ ပွမဆက်ဆောံ၊ ဒဒှ်မကေတ်အဆက်။
အဆၚ်,mnw,noun,"(n) storey, floor {in a building}, grade, rank, a rise to higher position."
အဆၚ်လ္တူ,mnw,noun,"(n) upper storey or floor, upper ster."
အဆၚ်သၟဝ်,mnw,noun,"(n) lower storey or floor, lower step."
အဆတဲ,mnw,noun,"(n) skill based on tactile sense, touch."
အဆတ်,mnw,noun,"(n) truth, reality, fact, what is right, what is correct, what is certain, what is genuine or authentic.(adv.) certainly."
အဆတ်အဆတ်,mnw,adjective,"(adj.) true, genuine."
အဆတ်အဆတ်,mnw,adverb,"ဗွဲအဆတ် (adv) truly, really, genuinely."
အဆသအိုပ်,mnw,noun,(n) relative humidity.
အဆိပ်,mnw,noun,"(n) seal, postage stamp. [id.] တဆိပ်၊ ကဆိပ်။"
အဆေဝ်,mnw,verb,(v) to slip. [id.] ကဆေဝ်၊ တဆေဝ်။
အဆေဝ်သွဝ်,mnw,noun,"(n) [Skt, apsaras] celestial nymph, nymph, fairy. အဆေဝ်သွဝ်ဗြဴ (n) [Skt, acehava] ကိန္နရဳ၊ ကောန်အိန်၊ ကောန်ဒေဝတဴ။ [id. Var.]"
အဆံၚ်သၟဝ်,mnw,adjective,(adj.) lower-class. [id.] ကဆံၚ်အသၟဝ်၊ အပြောံ။
အဆံၚ်အလံၚ်,mnw,noun,"(n) insignia of office, retinue.(adv) increasingly, more and more."
အဆံၚ်အလံၚ်,mnw,noun,ဨကရာဇ်ပွဳဗွိုၚ်ဗိုလ်လဗးအဆံၚ်အလံၚ် (n) the king went in procession with escort and retinue.
အဇ,mnw,noun,"(n) manner, habits, customs, behaviour, moral character, moral behaviour."
အဇတာ,mnw,noun,(n) the sky.
အဇာ,mnw,noun,"(n) substitution, kind, sort, species, variety, class."
အဇာခိုဟ်,mnw,noun,"(n) first class, good class."
အဇာတသတြု,mnw,noun,"(n) king Bimbisara’s son, who killed his father, patricidal son, one who has wronged is parents."
အဇု,mnw,noun,(n) great-grand father.
အဇုမ,mnw,noun,(n) Greek.(adj.) unleavened {of bread} made without yeast.
အဇ္ဇေ,mnw,noun,"(n) [P.] rectitude, honesty."
အဇ္ဇျတ္တိကာ,mnw,adjective,"(adj.) [P.] personal, individual, subjective."
အဇ္ဇျတ်,mnw,adjective,(adj.) [P. ajjahttam] relating to the individual.
အဇ္ဇျာသယ,mnw,noun,"(n) [P. ajjhasayo] intention, meaning, thought, inclination."
အညတရ,mnw,noun,"(n) [P.] nonentity, person without any special qualities or achievements, unimportant person."
အညမည,mnw,noun,(n) [P.] correlation.
အညမည,mnw,adverb,"(adv) correlatively, mutually. [id.] ဒဒှ်ပွဒၟာနူညးဒၟာနူအဲ။"
အညာ,mnw,noun,"1 (n) small tree found on beaches and tidal forests, yielding fibre for making cattle ropes, sea hibiscus, corkwood, Hibiscus tifiaceus. [id.] ဂ္ညာ။   ဇုက်ဂ္ညာ။ (n) acacia concinna creeper."
အညာ,mnw,adjective,"2 (adj.) knowledge, understanding, familiarity gained by experience, range of information, general knowledge. [id.] အရာမတုပ်သၟဟ်လဝ်စိုတ်၊ ဒဒှ်မမြက်စာဍိုဟ်ကေက်၊ ဒဒှ်မလေပ်စိုန်သ္ကီုကၠိုဟ်ခၠၚ်၊ ပြတ်ညာ၊ ပြဒ္ညာ။ မနွံကဵုဓဝ်ကၠိုဟ်ခၠၚ်၊ သတိဘာန်၊ မနွံကဵုလညာတ်ဆဵုဂဗ။"
အညာနာနာသာ်,mnw,noun,(n) general knowledge.
အညာမဗၠးကဵုမှာရာ,mnw,noun,(n) perfect knowledge.
အညာမဟၟဲကဵုမှာရာ,mnw,noun,(n) infallible knowledge. [id.] အဘိသမ္ဗောဓိ။
အညှာ,mnw,noun,(n)  nutmeg. [id.] သတ်ဇာဒိဖဵု။
အညှော,mnw,noun,"(n) offensive smell {especially of frying or singeing, smell of burning or frying}."
အဍိုၚ်,mnw,noun,(n) deaf person.(v) to be sluggish. [id.] အ္ဍိုၚ်။
အဍဲ,mnw,noun,"1 (n) the inside, interior, duration, what is not apparent, private, arcade. [id.] အပ္ဍဲ (adv) within. [id.] အ္ဍဲ။"
အဍဲ,mnw,adjective,"2 (adj.) inner, personal, individual. [id.] အ္ဍဲ။ အပ္ဍဲ။"
အဏု,mnw,noun,"(n) [P.] particle, very small bit, atom."
အဏေံ,mnw,noun,"(n) small fellow, little boy."
အဏံ,mnw,noun,"(adv) here, this point or place {in narrative}, at this time, now, then."
အဏံ,mnw,adverb,"အဏံ လထဴကဵုဣနုညးၜါဂှ် သွက်ဂွံဂယိုၚ်လမျီုဇကု သ္ဒးကၠောန်ဒၟံၚ်ဂူ (adv) the man and the girl E Nu, now had to cultivate gardens for living."
အဏံ,mnw,adverb,ကၠုၚ်အဏံ (adv) come here.
အဏံ,mnw,adverb,ညးနွံအဏံဂှ် (adv) those who are here. [Cf.] ဣဏံ၊ အတေံ၊ သာ်ဏံ။
အဏ္ဍဇ,mnw,noun,(n) [P.] oviparous birth.
အတၚ်,mnw,noun,(n) upper part of a Mon woman petticoat.
အတၚ်ဂၞိန်,mnw,noun,"(n) strip of cloth at the top of a Mon woman’s skirt, band of cloth {usually black} stitched on to the upper hem of a woman waistcloth, piece of cloth joined to the top of a woman’s skirt. [id.] တၚ်ဂၞိန်။"
အတၚ်န,mnw,noun,(n) the binding around the top of basket.[Der.] တၚ်ထပ် (n) strip of cloth.
အတာ,mnw,noun,"(n) {arch} unit of distance measure {equal to7 cubits}, duty, allotment of duty, responsibility, assignment, barrier, garish colour or the colour of Palmyra fruit {as dog, cow, fowl}."
အတာန်,mnw,noun,"(n) form, class, standard {in school}."
အတာန်,mnw,noun,ဂွံမူစိအတာန်ေရာ (n) what standard did you get up to?
အတာန်,mnw,noun,ပ္ဍဲဘာလိက်သွက်အတာန်ဏံနွံဖအိုတ်ဟာ (n) have you got all the books which we use in this form. [Var.] တန်။
အတိ,mnw,noun,"1 (n) quiet fellow, silent person."
အတိ,mnw,noun,"2 (n. adj.) [P.] extreme, excessive."
အတိကာလ,mnw,noun,(n) [P. atita kalo] past time.
အတိက်,mnw,noun,"(n) [P. atite] the past, pastime, former times, ancient times."
အတိက်,mnw,noun,အတိက်တေံဨကရာဇ် သၟိၚ်ဓမ္မစေတဳ ပ္ကၚ်ရၚ်ဍုၚ်ဟံသာသတဳ (n) in former times king Dhaommaecaytoi ruled Honsarwaetoi.
အတိဇာတ,mnw,noun,(n. adj.) [P.] {person} born with talents excelling those of his parents. [Cf.] အနုဇာတ၊ အဝဇာတ။
အတိုၚ်,mnw,noun,"(n) accordance, in accordance with, according to, as, along. [Cf.] အလိုက်၊ ညံၚ်။"
အတိုၚ်,mnw,noun,အတိုၚ်ဍေံဟီုဂှ်သပုန်တံ လုပ်ဗ္တိုက်ကံကြိက် (n) according to what he says the insurgents have attacked Kon Kroik.
အတိုၚ်,mnw,,"အတိုၚ်မၞးတီဂှ် အဲမံၚ်အဏံလံဟွံသေၚ် (prep) as you know, I am not staying here long."
အတိုၚ်ဂၠံၚ်ဏံအာ,mnw,noun,(n) go along this road.
အတိုၚ်ပကိတိမဟၟံကဵုဝ်အရာပ္တိုန်စ,mnw,adverb,(adv) literally. [id.] နဒဒှ်ချိုတ်ချိုတ်ပၠိုတ်ပၠိုတ်။
အတိုၚ်ဗီုသဘာဝ,mnw,adverb,(adv) naturally. [id.] အတိုၚ်ဒဒှ်ဗီုသဘာဝ၊ အတိုၚ်မရန်တၟံလဝ်၊ နဒဒှ်မစှ်ေကဵုသဘာဝ။
အတိုၚ်မဒုၚ်လဝ်ဝန်,mnw,adverb,(adv) confessedly. [id.] အတိုၚ်မဒုၚ်လဝ်ကံပါၚ်။
အတိုၚ်မဖျေံလဝ်ဗီု,mnw,noun,(prep) according to plan or pattern.
အတိုၚ်ယာဲၜံၚ်လဝ်,mnw,adverb,"(adv) as one was born, in the nude."
အတိုၚ်လဟီုဍေံ,mnw,adverb,(adv) professedly. [id.] ဗီုလဟီုဍေံ၊ နဒဒှ်လဟီုဍေံ။
အတိုၚ်အခိုက်ကၞာပကတိ,mnw,adjective,(adj.) formal. [id.] ဗီုအတိုၚ်တြေံ၊ ဗီုအတိုၚ်သၞောဝ်။
အတိုၚ်အလိုက်,mnw,noun,(n) accord.
အတိုၚ်အလိုက်ဍေံအာ,mnw,noun,(n) he went of his own accord.
အတိုၚ်အသံ,mnw,adverb,(adv) according to the order.
အတိုန်,mnw,noun,"(n) proud and haughty man, conceited man."
အတီု,mnw,noun,(n) stupid or dull person.
အတုန်အခၠေဝ်,mnw,noun,"(n) reciprocity, requital, the returning of favours, the repaying of kindness, principle or practice of give and take. [id.] တၠုၚ်လအာ၊ ပွမခၠေဝ်ဂုဏ်။"
အတုလ,mnw,adjective,(adj.) [P.] incomparable.အတုလံၚ် (adj.) poetical usage of 'အတုလ'
အတုဲ,mnw,noun,"(conj) after, after that, next, then."
အတုဲတှ်ေ,mnw,adverb,"(adv) then, after that, next after that, afterwards, and also."
အတုဲတှ်ေ,mnw,verb,"ကာလတုဲ (v) when finished, finished, when came to an end. [Cf.] ကာလတုဲမ္ဂး။"
အတူ,mnw,verb,"1 (prep.) [colloq] upper part, top, on top of, on use variously to denote relationship between quality and person possessing it. [id.] လ္တူ။   အာဂ္ဇံလ္တူခါတ်တေံညိ (prep) sit over there on the bed.   အဲလေတ်စုတ်ဍာ်သာဲလ္တူကွာၚ် (prep) I spread honey on my bread.   ဂစေံပဝ်လ္တူအကး (prep) birds are flying in the air.   ဂၠာဲဒုဟ်လ္တူညးတၞဟ် (prep) to seek out faults in others.   ဍုၚ်ဗၟာလ္ပာ်လ္တူတေံ(အ်) (prep.) upper Burma.   ထပ်လ္တူ (prep.) upper storey.   ပ္ဍဲလ္တူတၞံဆု (prep.) on the top of the tree.   ဗ္ၜက်လဝ်ပလောံလ္တူဇုက်တေၚ်ဂှ်(ဟ်) (prep.) hang your shirt on the line. [Cf.] အထောတ်၊ တၞောတ်၊ သမၠုၚ်။   [Der.] လ္တူ (v) to be superior. [id] အတူ။   လ္တူကၞဳ (prep.) on the floor.   လ္တူသ္ၚိ (perp.) {up} on the house.   လ္ပသၠေဟ်ပၟာလ္တူဍေံညိ (perp.) you need have no doubts about him."
အတူ,mnw,noun,"2 (n) see အစံၚ်အတူ (n) distress, perturbed, anxiety."
အတေၚ်,mnw,noun,"(n) against the will of the person acted upon, forcibly."
အတေၚ်,mnw,noun,ညးဗြဴတံဂှ်လုပ်ပတ်အတေၚ်တုဲဲ (n) the women came in and massaged him in spite of his objections. [Cf.] အနိၚ်။
အတေံ,mnw,noun,(n) there.
အတေံ,mnw,noun,အတေံဟွံမွဲ (n) there is none there.
အတေံ,mnw,noun,အာအတေံတုဲ (n) having gone there. [Cf.] အဏံ၊ ဣတေံ။[Der.] တေံ။ (n) that.
အတဵု,mnw,noun,"(n) delinquent, juvenile delinquent, person who fails to do this duty."
အတး,mnw,noun,"(n) the period of the new year, new year festival attended by water-throwing ဝေၚ်ဍာ် and other rain-making and fertility practices. [Cf.] သၚ်္ကြာန်။ [Var.] ကတး၊ အာတး။"
အတးစှ်ေ,mnw,verb,(v) be the time for အတး new year festival to commence.
အတးတိုန်,mnw,verb,(v) be the time for အတး new year festival to end. [id.] တ္ၚဲဝေၚ်ဍာ်အတးဗွဲကြဴအိုတ်။
အတ္တ,mnw,noun,"(n) I, self."
အတ္တဘဴ,mnw,noun,"(n) [P. attabhavo] person, self, individual, personality body, form."
အတ္တဘဴဒေသတဴ,mnw,noun,(n) form of devas.
အတ္တဘဴမၞိဟ်,mnw,noun,(n) form of a man.
အတ္ထ,mnw,noun,"(n) [P.] substance, reality."
အတ္ထမ,mnw,noun,(n) ord. num. [P.] eighth. [id] အဋ္ဌမ။
အတ္ထုပ္ပတ္တိပူဂဵု,mnw,noun,"(n) autobiography, memoirs."
အတ်,mnw,noun,(n) num. [P. attha] eight.
အတ်သ္တဵု,mnw,noun,(n) [P. assataro] mule.
အတြုံ,mnw,noun,"(n) man, fellow. [Cf.] ဣဗြဴ။[Der.] တြုံ (n) male person."
အတှ်,mnw,noun,"(n) pillar, post, standing alone."
အတှ်ဆုဣန္တက္ခဳ,mnw,noun,(n) [P. indakhila] post in front of a gate.
အတှ်တၟံ,mnw,noun,(n) stone pillar. [id.] တိုၚ်အတှ်၊ ဒယိုၚ်အတှ်။
အထက်,mnw,noun,"(n) life span, life time. [id.] အယုက်အထက်။"
အထပ်တိ,mnw,noun,(n) earth stratum.
အထာ,mnw,noun,"(n) [colloq] Pali verse, incantation, stanza. [id.] ဂါထာ။"
အထိၚ်ဒပ်,mnw,noun,(n) military police.
အထိုက်,mnw,noun,"(n) petal, custom, manner."
အထိုက်အထိုက်,mnw,adverb,(adv) fittingly.
အထိုက်အလိုက်,mnw,noun,"(n) custom, manner."
အထိုၚ်အသး,mnw,noun,"(n) admiration, acclamation. [id.] အထိုၚ်သး။"
အထိုၚ်အသး,mnw,verb,"ထိုၚ်သး (v) praise, honour, great respect, be famed, glory."
အထုပ်,mnw,noun,"(n) hat, helmet, bundle, wrapper."
အထုပ်,mnw,noun,အထုပ်က္ဍိုပ်ဏံဇၞော်လောန်အာ (n) that hat is too big. [Cf.] ခၟံက်၊ ခၟော်၊ ခၟိၚ်။ [Syn.] ခပေဲ။ [Var.] ဂထုပ်၊ ကထုပ်။
အထုပ်ကဴ,mnw,noun,(n) petal of a flower.
အထေၚ်,mnw,noun,"(n) guess, conjecture, assumption, notion, opinion, point of view, estimation."
အထေၚ်ဇၞော်,mnw,verb,"(v) think highly {of someone}, have a high esteem {of someone}, overestimate somebody."
အထေၚ်ဍောတ်,mnw,verb,"(v) look down upon, have a low opinion of someone, underestimate."
အထေၚ်ဗၠေတ်,mnw,verb,"(v) misjudge, misunderstand."
အထေၚ်သဝ်,mnw,noun,"(n) act of looking down upon, having a low opinion of someone, under estimate."
အထေၚ်သောဲ,mnw,noun,(n) act of looking down upon.
အထောတ်,mnw,noun,"(n) pinnacle, summit, top."
အထောတ်ကၞောတ်,mnw,noun,"(n) the topmost, summit, peak, the highest, culmination, pinnacle."
အထောတ်ပြာသာဒ်,mnw,noun,(n) pinnacle surmounting ceremonial pavilion. [Cf.] လ္တူ၊ ဍဟ်၊ တၞောတ်၊ သမၠုၚ်။
အထဴ,mnw,noun,"(n) an old man, the who has been married."
အထံက်,mnw,noun,"(n) support, help, assistance, prop, strut, scout, supporting evidence, proof, reference, act of setting."
အထံက်ကၚ်,mnw,noun,(n) reconnaissance patrol.
အထံက်ကောန်အထံက်စဴ,mnw,noun,(n) sons and grandsons who would look after parents.
အထံက်ဒပ်,mnw,noun,(n) quartermaster.
အထံက်အပၚ်,mnw,noun,"(n) help, aid, support, the act of helping, the act of supporting."
အထံၚ်,mnw,noun,"(n) bight, curve in a coast, larger then or with not so much curve as a bay, bend, turn, gulf."
အထံၚ်ဂၚ်,mnw,noun,(n) gulf.
အဒါ,mnw,noun,(n) duck.
အဒါက္ၜၚ်,mnw,noun,"(n) comb duck, Muscovy duck {Eng. Muscovy}."
အဒါက္ၜဳ,mnw,noun,(n) wild duck.
အဒါကၟက်,mnw,noun,(n) drake.
အဒါဂြိုပ်,mnw,noun,(n) wild duck.
အဒါ်,mnw,noun,(n) name of one hero buffalo of King Asah.
အဒိ,mnw,noun,"(n) [P. adi] beginning, starting point, start, source, origin."
အဒိန်အဝ,mnw,noun,"(n) [P. adinavo] distress, suffering, evil result or consequence, serious danger or difficulty, great pain, sorrow or discomfort. [id.] ဒဒိုက်။ ဒဒှ်မဂိက္တာန်။ ဒဒှ်မဂိယဲ။ ဒုက္ခ။ ဓဒိုတ်။ ဝေဒနာ။"
အဒိုတ်,mnw,noun,"(n) the first day of the week, Sunday."
အဒိုတ်,mnw,noun,"ဂြိုဟ်အဒိုတ် (n) the first of the eight planets, the sun."
အဒိုတ်,mnw,noun,တ္ၚဲအဒိုတ် (n) Sunday.
အဒုတ်,mnw,noun,"(n) a man who has poor dealings with one person, group, country."
အဒေါဝ်,mnw,noun,(n) middle.
အဒေါဝ်ကွာန်,mnw,noun,(n) main or central part of a village.
အဒေါဝ်ဂၠံၚ်,mnw,noun,"(n) in the middle of the road, en-route, midway. [id.] ဘာ်တရဴ။"
အဒေါဝ်ဂၠံၚ်ဇၞော်,mnw,noun,(n) roadway.
အဒေါဝ်တ္ၚဲ,mnw,noun,(n) noon. [Cf.] တ္ၚဲတဴဓဝ်။ တ္ၚဲဓဝ်။
အဒေါဝ်ဗ္တံ,mnw,noun,(n) midnight. [Syn.] သ္ဂာတ္ၚဲ။ သ္ဂာဗ္တံ။ ဒယိုၚ်အဒေါဝ် (n) post in centre of side wall. [Cf.] ဍဲ၊ ထ္ဍဲ၊ ဒေါဝ်။
အဓမ္မ,mnw,noun,"(n) [P.] an illegal act against the law, unlawfulness, unjust action that which is false or wrong.(adv) forcibly."
အဓမ္မိက်,mnw,adjective,"(adj.) [P.] irreligious, impious, wicked."
အဓါန်,mnw,noun,"(n) time, interval.(adv) continually."
အဓိက,mnw,adjective,"(adj.) [P.] chief, principal, first among many, that which is important, significant, basic, predominant factor."
အဓိကဵု,mnw,noun,"(n) [P. adhikaranam] dispute, argue or disagree about something, oppose, try to prevent, matter of dispute, difficulty."
အဓိတ္တာန,mnw,noun,"(n) [P.] oracle, omen, enigma."
အဓိတ္ထာန,mnw,noun,"(n) [P.] oracle, omen, enigma."
အဓိထာန,mnw,noun,"(n) [P.] resolution, vow."
အဓိထာန်,mnw,noun,"(n) resolution, vow. [id.] အဓိဌာန်၊ အဓိဓါန်။"
အဓိထာန်,mnw,noun,"သ္ပအဓိထာန် (v) to make a vow, determination. [Cf.] သ္စာ။ [Syn.] သွဴ။ [Var.] ဓိထာန်၊ ဓိဌာန်။"
အဓိပ,mnw,noun,"(n) [P.] chief, lord, head of state, sovereign, that which is pre-eminent, chancellor of university. [Cf.] အဓိပတိ။"
အဓိပတိ,mnw,noun,(n) [P.] see အဓိပ (n) [P.].
အဓိပတေယျဒိပ်,mnw,noun,"(n) [P.] supreme rule, supremacy."
အဓိပ္ပတ္တိ,mnw,noun,"(n) [P.] circumstances, events, adventures."
အဓိပ္ပဲါ,mnw,noun,"(n) [P.] interpretation, explanation, meaning, sense. [id.] တၚ်မိက်ဂွံသ္ဂး။"
အဓိပ္ပဲါ,mnw,verb,ကၠာဲအဓိပ္ပဲါ (v) to translate.  ပံက်အဓိပ္ပဲါ (v) to expound a passage. [id.] ပွံက်အဓိပ္ပဲါ။
အဓိပ္ပဲါ,mnw,noun,သွက်အဓိပ္ပဲါအရေဝ်ဂှ် ဗှ်ေဂၠာဲရံၚ်ပ္ဍဲအဘိဓါန်ဗှ်ေကီုဟာ (n) did you look up the meaning of this word in your dictionary?
အဓိပ္ပဲါတံဝေါဟာမွဲမွဲမ,mnw,noun,(n) signification.
အဓိပ္ပဲါဗြေဝ်,mnw,noun,(n) derived or extended meaning.
အဓဳ,mnw,noun,"(n) married man, old man. [Cf.] ဗၠာဲ၊ မဂဳ။"
အနက်,mnw,noun,"(n) collection, aggregate, whole, great-grandfather."
အနဂ္ဃ,mnw,adjective,"(adj.) [P.] immeasurable, inestimable, too great to be estimated or given a value, that cannot be measure, something immeasurable, inestimable, too great, precious."
အနတ္တ,mnw,noun,"(n) [P.] unsubstantiality, vanity,"
အနန္တ,mnw,adjective,"(adj.) [P.] endless, boundless, infinite. [id.] မဟွံမွဲကဵုစိုပ်ဒတုဲ၊ မဟွံမွဲကဵုတၞောတ်၊ မဟွံမွဲကဵုနိဂီု။"
အနန်,mnw,noun,(n) younger brother of Lord Buddha.
အနပုလ္လိၚ်,mnw,noun,"(n) [P.] common gender, also. ဒွိလိၚ်။"
အနမတဂ္ဂ,mnw,adjective,"(adj.) innumerable, numberless."
အနာ,mnw,noun,"1 (n) [P. ana] an order, command."
အနာ,mnw,noun,2 (n) [colloq] pavilion. [id.] ကၞာ။
အနာ,mnw,noun,သ္ၚိကၞာ (n) inner compartment of shed erected of ကလော် spirit dance. [Var.] ကၞာ၊ ကၞာထး။
အနာဂတဝၚ်,mnw,noun,(n) [P.] treatise on the coming Buddha Arimataya.
အနာဂတ်,mnw,noun,(n) future. [id.] ကြက်ဂတ။ အနာဂတ။
အနာဂါံ,mnw,noun,"(n) [P. anagamimaggo] third path to Nirvana, one who has entered the third of the"
အနာၚ်,mnw,noun,(n) Fagraea fragrans Roxburgh.
အနာၚ်,mnw,noun,"ဆုအနာၚ် (n) timber of Fagraea Roxburgh, Fragrant. [Var.] ဂနာၚ်။"
အနာၚ်ဂံက်,mnw,noun,(n) Shorea obtusa and floribunda wallich.[id.] တၞံအနာၚ်ဂံက်။
အနာစက်,mnw,noun,(n) authority.
အနာစာရ,mnw,noun,"(n) [P.] bad conduct, wicked conduct, evil conduct, immoral conduct."
အနာတ်,mnw,noun,(n) pine-apple. [id.] အနှာတ်၊ တၞံအနှာတ်။
အနာထ,mnw,adjective,"(adj.) [P.] helpless, forlorn, unhappy, careless, uncared for, forsaken, destitute."
အနာပ်,mnw,noun,(n) thing that is used in mending.
